{
  "usesTypeScript": false,
  "usesCssModule": false,
  "cssPreprocessor": "css",
  "testLibrary": "None",
  "component": {
    "default": {
      "path": "src/components",
      "withStyle": true,
      "withTest": false,
      "withStory": false,
      "withLazy": false
    },
    "page": {
      "path": "src/pages",
      "withStyle": true,
      "withTest": false,
      "withStory": false,
      "withLazy": false
    },
    "layout": {
      "path": "src/layout",
      "withStyle": true,
      "withTest": false,
      "withStory": false,
      "withLazy": false
    }
  }
}